#FusionName	JunctionReadCount	SpanningFragCount	SpliceType	LeftGene	LeftBreakpoint	RightGene	RightBreakpoint	JunctionReads	SpanningFrags	LargeAnchorSupport	FFPM	LeftBreakDinuc	LeftBreakEntropy	RightBreakDinuc	RightBreakEntropy	annots
BCR--ABL1	133	28	ONLY_REF_SPLICE	BCR^ENSG00000186716.20	chr22:23289621:+	ABL1^ENSG00000097007.17	chr9:130854064:+	SRR1605002.20863409,SRR1605002.6718429,SRR1605002.13635940,SRR1605002.5806706,SRR1605002.16610640,SRR1605002.16098455,SRR1605002.1068125,SRR1605002.8056632,SRR1605002.4625350,SRR1605002.1374048,SRR1605002.14766444,SRR1605002.8976059,SRR1605002.11748748,SRR1605002.2821703,SRR1605002.3546950,SRR1605002.18425692,SRR1605002.14279910,SRR1605002.2546803,SRR1605002.14809483,SRR1605002.10549814,SRR1605002.1148296,SRR1605002.6908276,SRR1605002.19578405,SRR1605002.14580106,SRR1605002.12289201,SRR1605002.8873928,SRR1605002.7550493,SRR1605002.19076423,SRR1605002.738410,SRR1605002.19870516,SRR1605002.20867467,SRR1605002.523605,SRR1605002.20152253,SRR1605002.9040639,SRR1605002.9021671,SRR1605002.20606407,SRR1605002.11617406,SRR1605002.16809223,SRR1605002.1926931,SRR1605002.14546311,SRR1605002.4789870,SRR1605002.3790008,SRR1605002.15260783,SRR1605002.7484253,SRR1605002.19980471,SRR1605002.1223269,SRR1605002.19156705,SRR1605002.5161660,SRR1605002.5715328,SRR1605002.15781345,SRR1605002.5975272,SRR1605002.16200867,SRR1605002.17288093,SRR1605002.16738639,SRR1605002.12851218,SRR1605002.14575869,SRR1605002.9252774,SRR1605002.2568747,SRR1605002.18465464,SRR1605002.13564328,SRR1605002.20079721,SRR1605002.4882909,SRR1605002.11719941,SRR1605002.10535670,SRR1605002.10637654,SRR1605002.1239197,SRR1605002.19570992,SRR1605002.2996149,SRR1605002.3899816,SRR1605002.1941318,SRR1605002.18318394,SRR1605002.12458403,SRR1605002.15008757,SRR1605002.18996416,SRR1605002.14378643,SRR1605002.20127063,SRR1605002.855658,SRR1605002.3188152,SRR1605002.712229,SRR1605002.10745557,SRR1605002.924122,SRR1605002.19335841,SRR1605002.8477138,SRR1605002.15251330,SRR1605002.13977225,SRR1605002.18846480,SRR1605002.6923277,SRR1605002.18234161,SRR1605002.3771239,SRR1605002.7015441,SRR1605002.1366949,SRR1605002.17430586,SRR1605002.151311,SRR1605002.14339287,SRR1605002.10860083,SRR1605002.11269806,SRR1605002.8913247,SRR1605002.17570058,SRR1605002.10645115,SRR1605002.10725617,SRR1605002.15980748,SRR1605002.16024643,SRR1605002.14007511,SRR1605002.9939866,SRR1605002.11174919,SRR1605002.12551561,SRR1605002.16053587,SRR1605002.1458932,SRR1605002.5463573,SRR1605002.19847799,SRR1605002.19037666,SRR1605002.4716953,SRR1605002.10435925,SRR1605002.3867876,SRR1605002.8809245,SRR1605002.6263719,SRR1605002.8740612,SRR1605002.10354894,SRR1605002.772588,SRR1605002.18250929,SRR1605002.2694096,SRR1605002.9676974,SRR1605002.10325205,SRR1605002.854539,SRR1605002.20785425,SRR1605002.7007011,SRR1605002.12203109,SRR1605002.10130407,SRR1605002.20981919,SRR1605002.19575719,SRR1605002.8461999,SRR1605002.17957240,SRR1605002.5791947	SRR1605002.12341891,SRR1605002.17123549,SRR1605002.6716371,SRR1605002.16385008,SRR1605002.5026038,SRR1605002.2528579,SRR1605002.6642153,SRR1605002.18166934,SRR1605002.18166905,SRR1605002.21079783,SRR1605002.21217276,SRR1605002.15242765,SRR1605002.16539808,SRR1605002.14064083,SRR1605002.2799327,SRR1605002.14659632,SRR1605002.15291102,SRR1605002.8932271,SRR1605002.1017364,SRR1605002.10863267,SRR1605002.52029,SRR1605002.13910945,SRR1605002.3235790,SRR1605002.15757688,SRR1605002.4675383,SRR1605002.14043666,SRR1605002.14375365,SRR1605002.6752855	YES_LDAS	7.4229	GT	1.8295	AG	1.8892	["chimerdb_pubmed","CCLE","Klijn_CellLines","chimerdb_omim","ChimerSeq","ChimerKB","FA_CancerSupp","Cosmic","Mitelman","ChimerPub","INTERCHROMOSOMAL[chr22--chr9]"]
RPL17P50--P4HA1	45	0	INCL_NON_REF_SPLICE	RPL17P50^ENSG00000213700.3	chr10:73006146:-	P4HA1^ENSG00000122884.12	chr10:73007516:-	SRR1605002.10258836,SRR1605002.20805275,SRR1605002.9577200,SRR1605002.15894438,SRR1605002.9775335,SRR1605002.8416795,SRR1605002.5761001,SRR1605002.9438434,SRR1605002.12462691,SRR1605002.13928903,SRR1605002.13236506,SRR1605002.19024345,SRR1605002.21523359,SRR1605002.14333467,SRR1605002.16614770,SRR1605002.14383688,SRR1605002.14973450,SRR1605002.21007375,SRR1605002.21440037,SRR1605002.7015663,SRR1605002.14157082,SRR1605002.20837408,SRR1605002.3569261,SRR1605002.21261442,SRR1605002.3089836,SRR1605002.7791591,SRR1605002.3134080,SRR1605002.3386282,SRR1605002.20436135,SRR1605002.9683626,SRR1605002.618175,SRR1605002.12984327,SRR1605002.4922544,SRR1605002.6098307,SRR1605002.5607421,SRR1605002.13964865,SRR1605002.19360539,SRR1605002.19864282,SRR1605002.15893496,SRR1605002.6455839,SRR1605002.7744545,SRR1605002.6316274,SRR1605002.21233937,SRR1605002.5314436,SRR1605002.9932940	.	YES_LDAS	2.0747	TT	1.8892	GT	1.0530	["INTRACHROMOSOMAL[chr10:0.00Mb]","LOCAL_REARRANGEMENT:-:[622]"]
AC096711.2--RPL7AP28	19	0	INCL_NON_REF_SPLICE	AC096711.2^ENSG00000251555.1	chr4:131975923:-	RPL7AP28^ENSG00000184139.8	chr4:131857922:-	SRR1605002.8401688,SRR1605002.10627801,SRR1605002.16946786,SRR1605002.8085415,SRR1605002.19785307,SRR1605002.3858276,SRR1605002.4988766,SRR1605002.16836898,SRR1605002.11365408,SRR1605002.523479,SRR1605002.8202596,SRR1605002.3702615,SRR1605002.8271774,SRR1605002.9460138,SRR1605002.2959124,SRR1605002.13114968,SRR1605002.16056453,SRR1605002.21532802,SRR1605002.16476354	.	YES_LDAS	0.876	GT	1.5546	AG	1.9329	["BodyMap","INTRACHROMOSOMAL[chr4:0.07Mb]","NEIGHBORS[72118]"]
AP004242.1--FOXP2	11	0	ONLY_REF_SPLICE	AP004242.1^ENSG00000234106.3	chr11:93535816:+	FOXP2^ENSG00000128573.24	chr7:114629868:+	SRR1605002.7117844,SRR1605002.16904691,SRR1605002.18595717,SRR1605002.20998144,SRR1605002.10723317,SRR1605002.6234483,SRR1605002.14444250,SRR1605002.289545,SRR1605002.10062960,SRR1605002.4464977,SRR1605002.8409297	.	YES_LDAS	0.5072	AG	1.5219	AG	1.5656	["INTERCHROMOSOMAL[chr11--chr7]"]
HLA-S--HLA-A	10	0	ONLY_REF_SPLICE	HLA-S^ENSG00000225851.1	chr6:31382241:-	HLA-A^ENSG00000206503.12	chr6:29945451:+	SRR1605002.15883521,SRR1605002.9102610,SRR1605002.12703298,SRR1605002.5103835,SRR1605002.4420949,SRR1605002.18393590,SRR1605002.3166940,SRR1605002.4864973,SRR1605002.16330628,SRR1605002.90832	.	YES_LDAS	0.4611	GT	1.9656	AG	1.9656	["BodyMap","HGNC_GENEFAM","INTRACHROMOSOMAL[chr6:1.44Mb]"]
PFKFB3--AL137145.2	9	0	ONLY_REF_SPLICE	PFKFB3^ENSG00000170525.19	chr10:6226365:+	AL137145.2^ENSG00000215244.2	chr10:6326546:+	SRR1605002.15062877,SRR1605002.19612256,SRR1605002.14646253,SRR1605002.17429426,SRR1605002.19085158,SRR1605002.326811,SRR1605002.5064013,SRR1605002.9864593,SRR1605002.6884622	.	YES_LDAS	0.4149	GT	1.9329	AG	1.9329	["BodyMap","INTRACHROMOSOMAL[chr10:0.02Mb]","NEIGHBORS[23043]"]
ABL1--BCR	8	2	ONLY_REF_SPLICE	ABL1^ENSG00000097007.17	chr9:130714455:+	BCR^ENSG00000186716.20	chr22:23290339:+	SRR1605002.21236822,SRR1605002.11161029,SRR1605002.8065208,SRR1605002.21633418,SRR1605002.14245287,SRR1605002.5504890,SRR1605002.448270,SRR1605002.3255710	SRR1605002.2056332,SRR1605002.20783095	YES_LDAS	0.461	GT	1.7465	AG	1.9656	["chimerdb_omim","YOSHIHARA_TCGA","chimerdb_pubmed","CCLE","Klijn_CellLines","ChimerPub","ChimerSeq","ChimerKB","FA_CancerSupp","INTERCHROMOSOMAL[chr9--chr22]"]
DPH7--PTP4A3	8	0	INCL_NON_REF_SPLICE	DPH7^ENSG00000148399.12	chr9:137578639:-	PTP4A3^ENSG00000184489.11	chr8:141421387:+	SRR1605002.9430381,SRR1605002.17818442,SRR1605002.12324098,SRR1605002.1040136,SRR1605002.6777243,SRR1605002.3509776,SRR1605002.3270386,SRR1605002.13806552	.	YES_LDAS	0.3688	GC	1.7056	CA	1.7056	["GTEx","INTERCHROMOSOMAL[chr9--chr8]"]
TRGJP1--TRGC1	8	0	ONLY_REF_SPLICE	TRGJP1^ENSG00000211692.1	chr7:38276259:-	TRGC1^ENSG00000211689.7	chr7:38265678:-	SRR1605002.15087830,SRR1605002.15396249,SRR1605002.7256461,SRR1605002.20532421,SRR1605002.9891298,SRR1605002.2498860,SRR1605002.4375939,SRR1605002.16726179	.	YES_LDAS	0.3688	GT	1.9329	AG	1.7968	["HGNC_GENEFAM","INTRACHROMOSOMAL[chr7:0.01Mb]","NEIGHBORS[10581]"]
NDEL1--PFAS	6	0	ONLY_REF_SPLICE	NDEL1^ENSG00000166579.15	chr17:8436045:+	PFAS^ENSG00000178921.13	chr17:8257807:+	SRR1605002.156881,SRR1605002.5612637,SRR1605002.16938300,SRR1605002.3728184,SRR1605002.1766016,SRR1605002.7138685	.	YES_LDAS	0.2766	GT	1.9329	AG	1.9086	["CCLE","INTRACHROMOSOMAL[chr17:0.14Mb]"]
RMND5A--AC083899.1	5	2	ONLY_REF_SPLICE	RMND5A^ENSG00000153561.12	chr2:86741069:+	AC083899.1^ENSG00000204745.3	chr2:87140827:+	SRR1605002.16735253,SRR1605002.11518738,SRR1605002.7769919,SRR1605002.15597098,SRR1605002.14307805	SRR1605002.2126499,SRR1605002.8514077	YES_LDAS	0.3227	GT	1.8295	AG	1.9086	["INTRACHROMOSOMAL[chr2:0.35Mb]"]
AC011416.2--AC099335.1	5	0	INCL_NON_REF_SPLICE	AC011416.2^ENSG00000250956.1	chr5:127179769:-	AC099335.1^ENSG00000236468.1	chr1:199388450:+	SRR1605002.14507659,SRR1605002.17194190,SRR1605002.14597769,SRR1605002.16391069,SRR1605002.10312056	.	YES_LDAS	0.2305	CC	1.9899	TC	1.7819	["INTERCHROMOSOMAL[chr5--chr1]"]
AC074327.1--LINC01468	5	0	ONLY_REF_SPLICE	AC074327.1^ENSG00000228651.1	chr10:52561006:-	LINC01468^ENSG00000231131.6	chr10:52454749:-	SRR1605002.3127110,SRR1605002.1617027,SRR1605002.8598952,SRR1605002.16051855,SRR1605002.18921352	.	YES_LDAS	0.2305	GT	1.7968	AG	1.8892	["INTRACHROMOSOMAL[chr10:0.09Mb]","NEIGHBORS[86169]"]
AC006064.4--AC104619.3	4	0	INCL_NON_REF_SPLICE	AC006064.4^ENSG00000269968.1	chr12:6537791:-	AC104619.3^ENSG00000250144.1	chr4:135045523:+	SRR1605002.4878289,SRR1605002.2202779,SRR1605002.19871651,SRR1605002.12342691	.	YES_LDAS	0.1844	GT	1.8892	AG	1.9219	["INTERCHROMOSOMAL[chr12--chr4]"]
GAPDH--MT-RNR2	4	0	INCL_NON_REF_SPLICE	GAPDH^ENSG00000111640.14	chr12:6537934:+	MT-RNR2^ENSG00000210082.2	chrM:1697:+	SRR1605002.5471604,SRR1605002.86612,SRR1605002.10634434,SRR1605002.14859933	.	YES_LDAS	0.1844	TC	1.6402	CC	1.7819	["INTERCHROMOSOMAL[chr12--chrM]"]
LINC01317--AC008568.1	4	0	ONLY_REF_SPLICE	LINC01317^ENSG00000203386.6	chr2:33706953:+	AC008568.1^ENSG00000229855.8	chr5:121313961:+	SRR1605002.4592702,SRR1605002.18959728,SRR1605002.20470409,SRR1605002.16914312	.	YES_LDAS	0.1844	GT	1.9899	AG	1.7968	["INTERCHROMOSOMAL[chr2--chr5]"]
TPT1P5--TPT1P3	4	0	INCL_NON_REF_SPLICE	TPT1P5^ENSG00000214108.4	chr5:31908711:+	TPT1P3^ENSG00000241899.1	chr3:141709159:-	SRR1605002.19049778,SRR1605002.16091327,SRR1605002.2428164,SRR1605002.11959625	.	YES_LDAS	0.1844	CT	1.6895	AC	1.8256	["INTERCHROMOSOMAL[chr5--chr3]"]
AP000580.1--AC146507.1	3	0	INCL_NON_REF_SPLICE	AP000580.1^ENSG00000219529.2	chr11:77813387:-	AC146507.1^ENSG00000239393.1	chr5:177346357:+	SRR1605002.21011054,SRR1605002.21068233,SRR1605002.4210433	.	YES_LDAS	0.1383	GT	1.9219	AG	1.8323	["INTERCHROMOSOMAL[chr11--chr5]"]
CHSY1--AC090907.2	3	0	ONLY_REF_SPLICE	CHSY1^ENSG00000131873.5	chr15:101235082:-	AC090907.2^ENSG00000259755.1	chr15:101050779:-	SRR1605002.10382977,SRR1605002.3345719,SRR1605002.17477541	.	YES_LDAS	0.1383	GT	1.8323	AG	1.6402	["BodyMap","INTRACHROMOSOMAL[chr15:0.09Mb]","NEIGHBORS[89657]"]
CTSC--RAB38	2	4	ONLY_REF_SPLICE	CTSC^ENSG00000109861.15	chr11:88300530:-	RAB38^ENSG00000123892.11	chr11:88149955:-	SRR1605002.830690,SRR1605002.17755722	SRR1605002.6791942,SRR1605002.14906069,SRR1605002.15839467,SRR1605002.10302070	YES_LDAS	0.2766	GT	1.9656	AG	1.8062	["BodyMap","Greger_Normal","ChimerSeq","Babiceanu_Normal","INTRACHROMOSOMAL[chr11:0.12Mb]"]
LINC01036--LINC01037	3	0	ONLY_REF_SPLICE	LINC01036^ENSG00000236030.1	chr1:187092946:+	LINC01037^ENSG00000231599.1	chr1:187443628:+	SRR1605002.21671777,SRR1605002.16989203,SRR1605002.1740955	.	YES_LDAS	0.1383	GT	1.8892	AG	1.5058	["HGNC_GENEFAM","INTRACHROMOSOMAL[chr1:0.08Mb]","NEIGHBORS[83283]"]
MIR4435-2HG--AC093616.1	3	0	ONLY_REF_SPLICE	MIR4435-2HG^ENSG00000172965.14	chr2:111344061:-	AC093616.1^ENSG00000234231.3	chr2:87700984:+	SRR1605002.11245559,SRR1605002.8920620,SRR1605002.18180131	.	YES_LDAS	0.1383	GT	1.8295	AG	1.8062	["INTRACHROMOSOMAL[chr2:23.46Mb]"]
RSF1--AC146507.1	3	0	INCL_NON_REF_SPLICE	RSF1^ENSG00000048649.13	chr11:77813387:-	AC146507.1^ENSG00000239393.1	chr5:177346357:+	SRR1605002.21011054,SRR1605002.21068233,SRR1605002.4210433	.	YES_LDAS	0.1383	GT	1.9219	AG	1.8323	["INTERCHROMOSOMAL[chr11--chr5]"]
SLC7A5--SMG1P1	2	2	ONLY_REF_SPLICE	SLC7A5^ENSG00000103257.8	chr16:87868885:-	SMG1P1^ENSG00000237296.9	chr16:22462121:+	SRR1605002.3677643,SRR1605002.6550903	SRR1605002.11866687,SRR1605002.9697379	YES_LDAS	0.1844	GT	1.5301	AG	1.9086	["INTRACHROMOSOMAL[chr16:65.34Mb]"]
CTSC--RAB38	1	4	ONLY_REF_SPLICE	CTSC^ENSG00000109861.15	chr11:88296133:-	RAB38^ENSG00000123892.11	chr11:88149955:-	SRR1605002.13353180	SRR1605002.6791942,SRR1605002.14906069,SRR1605002.15839467,SRR1605002.10302070	NO_LDAS	0.2305	GT	1.9899	AG	1.8062	["BodyMap","Greger_Normal","ChimerSeq","Babiceanu_Normal","INTRACHROMOSOMAL[chr11:0.12Mb]"]
ABL1--BCR	1	2	ONLY_REF_SPLICE	ABL1^ENSG00000097007.17	chr9:130714455:+	BCR^ENSG00000186716.20	chr22:23292541:+	SRR1605002.2362292	SRR1605002.2056332,SRR1605002.20783095	YES_LDAS	0.1383	GT	1.7465	AG	1.8892	["chimerdb_omim","YOSHIHARA_TCGA","chimerdb_pubmed","CCLE","Klijn_CellLines","ChimerPub","ChimerSeq","ChimerKB","FA_CancerSupp","INTERCHROMOSOMAL[chr9--chr22]"]
ABL1--BCR	1	2	ONLY_REF_SPLICE	ABL1^ENSG00000097007.17	chr9:130714455:+	BCR^ENSG00000186716.20	chr22:23295024:+	SRR1605002.14788836	SRR1605002.2056332,SRR1605002.20783095	NO_LDAS	0.1383	GT	1.7465	AG	1.5656	["chimerdb_omim","YOSHIHARA_TCGA","chimerdb_pubmed","CCLE","Klijn_CellLines","ChimerPub","ChimerSeq","ChimerKB","FA_CancerSupp","INTERCHROMOSOMAL[chr9--chr22]"]
GCSAML--IRF2BP2	1	2	ONLY_REF_SPLICE	GCSAML^ENSG00000169224.12	chr1:247565959:+	IRF2BP2^ENSG00000168264.10	chr1:234607852:-	SRR1605002.1518528	SRR1605002.611799,SRR1605002.11527807	YES_LDAS	0.1383	GT	1.8256	AG	1.8295	["INTRACHROMOSOMAL[chr1:12.90Mb]"]
